[
  {
    "id": 1,
    "name": "João Moreira",
    "email": "joao@email.pt"
  },
  {
    "id": 2,
    "name": "Fábio",
    "email": "Fabinhodascarnes@email.pt"
  },
  {
    "id": 3,
    "name": "nuno",
    "email": "Nunodespedimentos@email.pt"
  },
  {
    "id": 4,
    "name": "Joana",
    "email": "JoanaSkywalker@email.pt"
  },
  {
    "name": "Joana",
    "email": "JoanaSkywalker2@email.pt",
    "password": "$2b$07$iqIG4YehuB91vo2iBzZTkOpGBOYVjVvcGMFmlUt3UGoeAxuF79mx6",
    "id": "d5b98c07-8e66-4e9d-ae05-f3998901618a"
  }
]